{
  "timestamp": "20251002_140857",
  "comparison_data": {
    "point_to_point_latency": {
      "rest": {
        "delivery_failures": 0.0,
        "avg_latency_ms": 3.4412745058216387,
        "success_rate_percent": 100.0,
        "total_messages": 100.0,
        "test_duration_sec": 1.4528436480104574,
        "memory_usage_mb": 61.52005208333333,
        "timeout_failures": 0.0,
        "peak_throughput_msg_per_sec": 62.0,
        "p95_latency_ms": 4.082366496731993,
        "p99_latency_ms": 4.469272498681676,
        "throughput_msg_per_sec": 7.425000000000001,
        "cpu_usage_percent": 17.258333333333333
      },
      "grpc": {
        "delivery_failures": 0.0,
        "avg_latency_ms": 2.3716779397364007,
        "success_rate_percent": 100.0,
        "total_messages": 100.0,
        "test_duration_sec": 1.3662833812486497,
        "memory_usage_mb": 89.21037946428571,
        "timeout_failures": 0.0,
        "peak_throughput_msg_per_sec": 67.0,
        "p95_latency_ms": 2.790827253193129,
        "p99_latency_ms": 2.980753510200884,
        "throughput_msg_per_sec": 7.975,
        "cpu_usage_percent": 12.948214285714286
      },
      "mqtt": {
        "delivery_failures": 0.0,
        "avg_latency_ms": 1.3767966800514841,
        "success_rate_percent": 100.0,
        "total_messages": 100.0,
        "test_duration_sec": 1.2625716357506462,
        "memory_usage_mb": 107.216796875,
        "timeout_failures": 0.0,
        "peak_throughput_msg_per_sec": 73.0,
        "p95_latency_ms": 1.6866785008460283,
        "p99_latency_ms": 1.8555837523308583,
        "throughput_msg_per_sec": 8.674999999999999,
        "cpu_usage_percent": 3.826923076923077
      },
      "kafka": {
        "delivery_failures": 0.0,
        "avg_latency_ms": 2.9034072385547915,
        "success_rate_percent": 100.0,
        "total_messages": 100.0,
        "test_duration_sec": 1.4036026149988174,
        "memory_usage_mb": 328.8177455357143,
        "timeout_failures": 0.0,
        "peak_throughput_msg_per_sec": 66.25,
        "p95_latency_ms": 3.72561025142204,
        "p99_latency_ms": 4.047063004691154,
        "throughput_msg_per_sec": 7.725,
        "cpu_usage_percent": 17.819523809523808
      }
    },
    "broadcast_throughput": {
      "rest": {
        "delivery_failures": 0.0,
        "avg_latency_ms": 2.883172864676453,
        "success_rate_percent": 100.0,
        "total_messages": 50.0,
        "test_duration_sec": 1.2492550169990864,
        "memory_usage_mb": 62.670372596153854,
        "timeout_failures": 0.0,
        "peak_throughput_msg_per_sec": 36.0,
        "p95_latency_ms": 3.420715991524048,
        "p99_latency_ms": 3.5869847488356754,
        "throughput_msg_per_sec": 4.4,
        "cpu_usage_percent": 12.253846153846153
      },
      "grpc": {
        "delivery_failures": 0.0,
        "avg_latency_ms": 1.573451575677609,
        "success_rate_percent": 100.0,
        "total_messages": 50.0,
        "test_duration_sec": 1.1949026589936693,
        "memory_usage_mb": 89.892822265625,
        "timeout_failures": 0.0,
        "peak_throughput_msg_per_sec": 40.0,
        "p95_latency_ms": 1.9443987403064966,
        "p99_latency_ms": 2.035783007158898,
        "throughput_msg_per_sec": 4.625,
        "cpu_usage_percent": 9.920833333333333
      },
      "mqtt": {
        "delivery_failures": 0.0,
        "avg_latency_ms": 0.8621334057534114,
        "success_rate_percent": 100.0,
        "total_messages": 50.0,
        "test_duration_sec": 1.15499557149451,
        "memory_usage_mb": 107.8515625,
        "timeout_failures": 0.0,
        "peak_throughput_msg_per_sec": 40.0,
        "p95_latency_ms": 1.2194404989713803,
        "p99_latency_ms": 1.3613710107165389,
        "throughput_msg_per_sec": 4.8,
        "cpu_usage_percent": 4.96875
      },
      "kafka": {
        "delivery_failures": 0.0,
        "avg_latency_ms": 69.8359663055453,
        "success_rate_percent": 100.0,
        "total_messages": 50.0,
        "test_duration_sec": 4.844920084506157,
        "memory_usage_mb": 335.5020976419414,
        "timeout_failures": 0.0,
        "peak_throughput_msg_per_sec": 19.5,
        "p95_latency_ms": 17.63215100800153,
        "p99_latency_ms": 801.4902990107657,
        "throughput_msg_per_sec": 2.3,
        "cpu_usage_percent": 31.70635225885226
      }
    },
    "concurrent_messaging": {
      "rest": {
        "delivery_failures": 0.0,
        "avg_latency_ms": 10.31810764311255,
        "success_rate_percent": 100.0,
        "total_messages": 250.0,
        "test_duration_sec": 0.6123230602534022,
        "memory_usage_mb": 66.13314732142857,
        "timeout_failures": 0.0,
        "peak_throughput_msg_per_sec": 250.0,
        "p95_latency_ms": 15.748695252113976,
        "p99_latency_ms": 23.297664753044955,
        "throughput_msg_per_sec": 25.0,
        "cpu_usage_percent": 74.23005952380953
      },
      "grpc": {
        "delivery_failures": 0.0,
        "avg_latency_ms": 0.9145412235193362,
        "success_rate_percent": 100.0,
        "total_messages": 250.0,
        "test_duration_sec": 0.4151996647415217,
        "memory_usage_mb": 90.906640625,
        "timeout_failures": 0.0,
        "peak_throughput_msg_per_sec": 250.0,
        "p95_latency_ms": 2.0760975021403283,
        "p99_latency_ms": 3.7762354913866147,
        "throughput_msg_per_sec": 25.0,
        "cpu_usage_percent": 39.75125
      },
      "mqtt": {
        "delivery_failures": 0.0,
        "avg_latency_ms": 0.14251246679123142,
        "success_rate_percent": 100.0,
        "total_messages": 250.0,
        "test_duration_sec": 0.38895122650137637,
        "memory_usage_mb": 108.97509765625,
        "timeout_failures": 0.0,
        "peak_throughput_msg_per_sec": 250.0,
        "p95_latency_ms": 0.3161089916829951,
        "p99_latency_ms": 0.4181437470833771,
        "throughput_msg_per_sec": 25.0,
        "cpu_usage_percent": 13.04375
      },
      "kafka": {
        "delivery_failures": 0.0,
        "avg_latency_ms": 12.503180832991347,
        "success_rate_percent": 100.0,
        "total_messages": 250.0,
        "test_duration_sec": 0.6789638215050218,
        "memory_usage_mb": 320.67694382440476,
        "timeout_failures": 0.0,
        "peak_throughput_msg_per_sec": 250.0,
        "p95_latency_ms": 67.40292175527429,
        "p99_latency_ms": 194.68226025492186,
        "throughput_msg_per_sec": 25.0,
        "cpu_usage_percent": 49.791666666666664
      }
    },
    "scalability_stress": {
      "rest": {
        "delivery_failures": 0.0,
        "avg_latency_ms": 20.6421155286639,
        "success_rate_percent": 100.0,
        "total_messages": 2815.5,
        "test_duration_sec": 5.132997068496479,
        "memory_usage_mb": 73.9867793367347,
        "timeout_failures": 0.0,
        "peak_throughput_msg_per_sec": 456.25,
        "p95_latency_ms": 26.99111400579568,
        "p99_latency_ms": 40.474561756127514,
        "throughput_msg_per_sec": 55.625,
        "cpu_usage_percent": 116.92623469387756
      },
      "grpc": {
        "delivery_failures": 0.0,
        "avg_latency_ms": 3.531919155672128,
        "success_rate_percent": 100.0,
        "total_messages": 13224.5,
        "test_duration_sec": 5.10581503949652,
        "memory_usage_mb": 100.48257506127452,
        "timeout_failures": 0.0,
        "peak_throughput_msg_per_sec": 2192.25,
        "p95_latency_ms": 4.207106991088949,
        "p99_latency_ms": 4.6622990048490465,
        "throughput_msg_per_sec": 263.15000000000003,
        "cpu_usage_percent": 170.17058823529413
      },
      "mqtt": {
        "delivery_failures": 0.0,
        "avg_latency_ms": 0.06165422071898584,
        "success_rate_percent": 100.0,
        "total_messages": 45740.75,
        "test_duration_sec": 5.106406359001994,
        "memory_usage_mb": 204.34818695754205,
        "timeout_failures": 0.0,
        "peak_throughput_msg_per_sec": 7011.0,
        "p95_latency_ms": 0.07114874460967258,